Airport ID,City,PageRank
11292,"Denver, CO",107.93441952580075
13930,"Chicago, IL",105.22363781350113
10397,"Atlanta, GA",80.72187955072135
10299,"Anchorage, AK",79.10497133729767
11298,"Dallas/Fort Worth, TX",75.40032335628638
11630,"Fairbanks, AK",65.89933288543767
12892,"Los Angeles, CA",65.48550934878374
10551,"Bethel, AK",62.863467955498386
14107,"Phoenix, AZ",61.47950209173908
12889,"Las Vegas, NV",60.76994307282636
13204,"Orlando, FL",59.381230063288875
12266,"Houston, TX",56.903402368120894
11057,"Charlotte, NC",54.461611882728384
13487,"Minneapolis, MN",53.66159811057414
14747,"Seattle, WA",52.23713275527722
11433,"Detroit, MI",51.44562018862038
11618,"Newark, NJ",50.94293801063487
14100,"Philadelphia, PA",48.69045398792637
14869,"Salt Lake City, UT",41.12827474627112
13303,"Miami, FL",40.97753245647421
10693,"Nashville, TN",40.818146273450786
14730,"Louisville, KY",40.258753411432515
13244,"Memphis, TN",39.048897150191415
12478,"New York, NY",38.471071507994026
11697,"Fort Lauderdale, FL",37.67838316113969
12264,"Washington, DC",37.39997912410748
14771,"San Francisco, CA",36.61750504021247
10056,"Kodiak Island, AK",36.53732334992046
15304,"Tampa, FL",35.44632261894132
10721,"Boston, MA",33.887185899562766
15741,"Ketchikan, AK",31.640770550099283
10821,"Baltimore, MD",31.409002048793212
11193,"Cincinnati, OH",31.40720503551883
12523,"Juneau, AK",31.290484434217582
10423,"Austin, TX",30.857344651404567
14057,"Portland, OR",28.167344061434406
12339,"Indianapolis, IN",28.00262416675144
13232,"Chicago, IL",27.036991033077822
14679,"San Diego, CA",26.852910593880292
11278,"Washington, DC",26.761564598917904
15016,"St. Louis, MO",26.214899824951964
12953,"New York, NY",23.40058211386572
10245,"King Salmon, AK",23.344780412585155
13873,"Nome, AK",23.193618007902455
11336,"Dillingham, AK",22.003258510027297
11259,"Dallas, TX",21.249786005387197
13796,"Oakland, CA",21.09306160156307
14122,"Pittsburgh, PA",20.66552494894077
14492,"Raleigh/Durham, NC",20.50822366976606
13970,"Kotzebue, AK",20.05389571570235
13891,"Ontario, CA",19.82638292129881
11042,"Cleveland, OH",19.29839360206301
12191,"Houston, TX",19.14109468892828
13198,"Kansas City, MO",18.677153542521523
13495,"New Orleans, LA",18.46591956796272
14683,"San Antonio, TX",18.310755531929455
14635,"Fort Myers, FL",17.599164040794296
10170,"Kodiak, AK",17.02965672811101
15167,"Teterboro, NJ",16.647247218607262
12173,"Honolulu, HI",16.412856701994325
11066,"Columbus, OH",16.27452698924782
13342,"Milwaukee, WI",16.10106689393541
15618,"Van Nuys, CA",16.06295166211994
12197,"White Plains, NY",16.062194404377173
10994,"Charleston, SC",15.919154701606129
13577,"Myrtle Beach, SC",15.882399621367117
14831,"San Jose, CA",15.52163261734777
14893,"Sacramento, CA",15.411241850225357
14908,"Santa Ana, CA",14.820576592065226
12451,"Jacksonville, FL",14.678340001223786
10529,"Hartford, CT",14.253882037130078
14843,"San Juan, PR",14.137163994817007
10304,"Aniak, AK",13.666325034816413
14570,"Reno, NV",13.416388799760725
14761,"Sanford, FL",13.41200849242284
13851,"Oklahoma City, OK",13.08356521358724
14524,"Richmond, VA",12.599716285904243
10140,"Albuquerque, NM",12.494629477488667
14027,"West Palm Beach/Palm Beach, FL",12.279833987389974
10754,"Barrow, AK",12.27404800765235
12321,"Iliamna, AK",12.110874456169086
13871,"Omaha, NE",12.053169099581146
10154,"Nantucket, MA",12.03548791497202
11540,"El Paso, TX",11.974046704600207
15478,"Unalakleet, AK",11.938485478636649
12184,"Homer, AK",11.885682763371149
10849,"Bozeman, MT",11.848891468380083
10713,"Boise, ID",11.40209103689791
13931,"Norfolk, VA",11.206993207620679
12652,"Kenmore, WA",11.018016392556833
10792,"Buffalo, NY",10.971658996626221
11445,"Unalaska, AK",10.798961578300606
14986,"Sarasota/Bradenton, FL",10.619081163516645
14828,"Sitka, AK",10.580911336497353
15370,"Tulsa, OK",10.545483637314684
11109,"Colorado Springs, CO",10.406991683457548
14709,"Deadhorse, AK",10.293752241763105
13467,"Anchorage, AK",10.290699638682264
10158,"Atlantic City, NJ",10.225451650387027
14685,"Savannah, GA",10.146303955664427
11884,"Spokane, WA",10.012994331571278
10800,"Burbank, CA",9.904691588900516
14112,"St. Petersburg, FL",9.56588260362987
14081,"Page, AZ",9.285169946314856
13830,"Kahului, HI",9.214900443760776
11995,"Greensboro/High Point, NC",9.068964265552736
11986,"Grand Rapids, MI",9.061018346593308
14512,"Rockford, IL",8.954183639464096
14321,"Portland, ME",8.674468074266333
11844,"Galena, AK",8.671872191215584
15624,"Valparaiso, FL",8.478236171185426
14193,"Pensacola, FL",8.305846066752634
14307,"Providence, RI",8.28118057857022
11550,"Emmonak, AK",8.248272315480781
15376,"Tucson, AZ",8.220524218012416
15412,"Knoxville, TN",8.21700158458924
10466,"Phoenix, AZ",8.091201967209063
10599,"Birmingham, AL",8.03900843533183
13541,"Martha's Vineyard, MA",8.023596211305788
14689,"Santa Barbara, CA",8.012442221847229
10257,"Albany, NY",7.911158214250449
10917,"Cold Bay, AK",7.904138226618934
11996,"Greer, SC",7.854624984971327
12992,"Little Rock, AR",7.806727350666682
13230,"Harrisburg, PA",7.6864324352650755
13002,"Seattle, WA",7.583300659028001
12807,"St. Mary's, AK",7.442343907851661
11833,"Fort Yukon, AK",7.436106895717346
15096,"Syracuse, NY",7.38219450548128
14477,"Roche Harbor, WA",7.363203919308127
11728,"Westhampton, NY",7.296252978048381
12278,"Wichita, KS",7.252294159749048
10559,"Seattle, WA",7.214341704281157
13196,"McGrath, AK",7.124252668727309
11423,"Des Moines, IA",6.850602049821854
14576,"Rochester, NY",6.834176467753178
12222,"East Hampton, NY",6.823184545211175
10194,"Dallas/Fort Worth, TX",6.587096781063319
12758,"Kona, HI",6.571057378663048
11973,"Gulfport/Biloxi, MS",6.524968082348722
11775,"Sioux Falls, SD",6.293034112841406
13461,"Smyrna, TN",6.256148161479024
12772,"Ouzinkie, AK",6.227668057161514
10868,"Columbia, SC",6.088798183421124
11638,"Fresno, CA",5.978494439520333
12954,"Long Beach, CA",5.973497604823848
12214,"Huslia, AK",5.874697555587085
15581,"Venetie, AK",5.8358681394228675
10349,"Arctic Village, AK",5.777643929586181
16091,"Detroit, MI",5.776712819187554
12853,"Quinhagak, AK",5.7443413890370785
11997,"Gustavus, AK",5.7061687446891005
11484,"Edna Bay, AK",5.680755792813948
12819,"Ketchikan, AK",5.639871863991628
14628,"Rosario, WA",5.630499169744603
10783,"Bettles, AK",5.579454491565072
13055,"Lopez Island, WA",5.537960931827157
13485,"Madison, WI",5.522354991202899
14262,"Palm Springs, CA",5.444576926214972
15091,"Seal Bay, AK",5.436081853112427
11481,"Panama City, FL",5.328544873994061
11555,"Kenai, AK",5.309949239101608
11648,"Kalispell, MT",5.29574620901554
10372,"Aspen, CO",5.274161522062453
16603,"Deer Harbor, WA",5.169229293673557
11924,"Gulkana, AK",5.097933287604572
13934,"Port Lions, AK",5.092876637325384
12127,"Hawthorne, CA",5.089832304151004
12441,"Jackson, WY",5.0231588003532
11511,"Egegik, AK",5.0039353910930995
12721,"Larsen Bay, AK",4.97359503858474
14229,"Port Protection, AK",4.950729037339141
11003,"Cedar Rapids/Iowa City, IA",4.944105769347835
14485,"Red Dog, AK",4.878297283376214
11637,"Fargo, ND",4.855380610388219
14474,"Ruby, AK",4.832873607795431
14627,"Russian Mission, AK",4.802796308184821
12217,"Huntsville, AL",4.788808851105838
11646,"Friday Harbor, WA",4.77775708384746
15380,"Traverse City, MI",4.775432447122029
14082,"Punta Gorda, FL",4.768276567223757
15862,"Tuntutuliak, AK",4.656825971362166
14457,"Rapid City, SD",4.643765200933271
13369,"Marshall, AK",4.567974738063513
10135,"Allentown/Bethlehem/Easton, PA",4.557973284926833
15293,"Togiak, AK",4.514640649211259
10590,"Bullhead City, AZ",4.480320383886487
11492,"Eek, AK",4.424233350316846
10661,"Boulder City, NV",4.379546857458693
10961,"Craig, AK",4.3767086109138695
12945,"Lexington, KY",4.351448140128723
12615,"Kaltag, AK",4.3452048857209045
10620,"Billings, MT",4.32743112437221
14234,"Pilot Station, AK",4.302916096861263
14814,"Shreveport, LA",4.2963853818403095
12391,"Islip, NY",4.278750932046908
12815,"Thorne Bay, AK",4.277825431386697
15024,"Charlotte Amalie, VI",4.21621718587985
10431,"Asheville, NC",4.198530402166051
12779,"Kipnuk, AK",4.132213849783783
15236,"Tok, AK",4.119637423933038
13898,"Miami, FL",4.102336463012272
14856,"Shaktoolik, AK",4.090192176622984
13486,"Missoula, MT",4.075270436248909
13894,"Toksook, AK",4.065777792158145
11921,"Grand Junction, CO",4.064971793611937
12851,"Kwigillingok, AK",4.063920692873438
14955,"Saipan, TT",4.048280680032448
15721,"Stebbins, AK",4.046095194468354
10785,"Burlington, VT",4.025895842916713
12755,"New Stuyahok, AK",4.001714841410942
13768,"Nulato, AK",3.997890629781239
11624,"Key West, FL",3.99336165168524
13061,"Laredo, TX",3.9786622382371672
12633,"Coffman Cove, AK",3.9503650699819146
10540,"Bedford, MA",3.949651245064843
15885,"Whale Pass, AK",3.9399243078065647
12708,"Kongiganak, AK",3.937548023312834
13256,"Mission/McAllen/Edinburg, TX",3.935274326619886
13770,"Nunapitchuk, AK",3.9166152120530926
14942,"Seldovia, AK",3.9129848089554393
10185,"Alexandria, LA",3.9086229307489306
12917,"Columbus, OH",3.866963253036076
10405,"Atmautluak, AK",3.866721870347095
13158,"Midland/Odessa, TX",3.8481545115578055
14119,"Pilot Point, AK",3.8415700945999176
10313,"Anvik, AK",3.8400222859911564
15446,"Uganik, AK",3.836106541014616
12869,"Zachar Bay, AK",3.8223778540809543
15124,"Tanana, AK",3.7829514428991566
14895,"St. Michael, AK",3.771504108929882
13710,"Nightmute, AK",3.7206251407300677
14218,"Prospect Creek, AK",3.7149814267500187
11214,"Coldfoot, AK",3.705137540377594
11299,"Danger Bay, AK",3.6965666611064965
15023,"Santa Rosa, CA",3.6825228686405955
15991,"Yakutat, AK",3.644318312474063
11227,"Chefornak, AK",3.6199878982134255
12676,"Grayling, AK",3.6198367861098646
12785,"Port Bailey, AK",3.6179246864976498
15861,"Noatak, AK",3.5756054576699876
12844,"Kivalina, AK",3.5546445891983436
12771,"Olga Bay, AK",3.5139262489657472
12621,"Birch Creek, AK",3.51108096927036
14804,"Shungnak, AK",3.5015684709499793
10139,"Ambler, AK",3.4920144870772294
10581,"Bangor, ME",3.490076184622538
14696,"South Bend, IN",3.4808946823283864
12982,"Lihue, HI",3.4775108548744726
15856,"Westsound, WA",3.4333498333538173
12782,"Port Williams, AK",3.409311010873436
14088,"Port Graham, AK",3.4069266670695435
12294,"Igiugig, AK",3.3991420787468303
12773,"Point Baker, AK",3.3648484101256875
12896,"Lubbock, TX",3.3622580789642647
11267,"Dayton, OH",3.361895915202871
15282,"Tununak, AK",3.3567554604655205
10247,"Anaktuvuk Pass, AK",3.34729694546668
12854,"West Point, AK",3.3401608731244297
12016,"Guam, TT",3.3309216683784997
15257,"Tuluksak, AK",3.330325246976768
12831,"Kasigluk, AK",3.324480663269967
14050,"Atlanta, GA",3.288229690148261
12709,"Akiachak, AK",3.2881451200065843
13942,"Noorvik, AK",3.2862955343142444
14783,"Springfield, MO",3.252461124629591
12171,"Hoonah, AK",3.2175798581624724
11823,"Fort Wayne, IN",3.209252603534758
10208,"Augusta, GA",3.1909478003223923
12704,"Koyuk, AK",3.179508119298279
13264,"Medford, OR",3.1711588411148215
10278,"Lazy Bay, AK",3.155524031283049
12268,"Kiana, AK",3.1409647679114987
12087,"Holy Cross, AK",3.1386372952013053
12250,"Hyannis, MA",3.1291478774570156
10279,"Amarillo, TX",3.1162305250116216
15919,"Fayetteville, AR",3.1159531141633336
10747,"Brownsville, TX",3.082652620242405
12448,"Jackson/Vicksburg, MS",3.0640601746743164
10324,"Amook Bay, AK",3.04879700503594
13767,"Nuiqsut, AK",3.0217672037233556
10980,"Chattanooga, TN",3.0213486689332605
13296,"Manchester, NH",3.017750296611762
15295,"Toledo, OH",3.0177197140759846
15887,"Newtok, AK",2.991353227402261
12705,"Kitoi Bay, AK",2.991043808031325
13003,"Kulik Lake, AK",2.955917946618485
11952,"Goodnews Bay, AK",2.952841757877137
14805,"Shishmaref, AK",2.9506441853432066
12822,"Brevig Mission, AK",2.938403217233717
12671,"Koliganek, AK",2.93473020002992
14273,"Port Heiden, AK",2.9259617414309957
13434,"Mountain Village, AK",2.9109182765553174
11487,"Anchorage, AK",2.8691800925093296
12211,"Las Vegas, NV",2.8686474435228027
13693,"Naukiti, AK",2.859691685643159
11007,"Chalkyitsik, AK",2.847351597846185
12719,"Kalskag, AK",2.8118536625767847
11603,"Eugene, OR",2.8071354062075753
10416,"Alakanuk, AK",2.7958168274248187
14062,"Pelican, AK",2.7853310329476804
15356,"Trenton, NJ",2.7852270606505294
14582,"Rota, TT",2.7520602203014537
11941,"Golovin, AK",2.7444599635699998
12323,"Wilmington, NC",2.7441202476522184
12769,"Kotlik, AK",2.7298776455875116
12653,"Ekwok, AK",2.717599418210016
12748,"Kokhanok, AK",2.7017123067152395
15798,"Napakiak, AK",2.6972476757759654
14691,"San Bernardino, CA",2.69490631394215
14738,"Sandpoint, AK",2.6845901285411586
12253,"Hollis, AK",2.678889703426797
10627,"Bismarck/Mandan, ND",2.6723389730000395
12175,"Haines, AK",2.6694059545733535
10184,"Allakaket, AK",2.667740718774217
14797,"Skagway, AK",2.6649747385662335
12280,"Idaho Falls, ID",2.656907411903483
15249,"Tallahassee, FL",2.64365458729076
16567,"Akun, AK",2.6400783376667527
12743,"Moser Bay, AK",2.6363756078497356
10225,"Wainwright, AK",2.630632691422958
10243,"Akhiok, AK",2.630225239229818
12649,"Nanwalek, AK",2.6228085791730065
12235,"Hughes, AK",2.6132831155723357
14880,"Sleetmute, AK",2.612716385052799
10204,"Angoon, AK",2.611146319815215
15785,"Selawik, AK",2.601576793283915
12610,"Kake, AK",2.5953628758795775
13504,"Metlakatla, AK",2.5805434156458866
16390,"Beluga, AK",2.5368398739673514
10640,"Buckland, AK",2.5180230967250754
15232,"Truckee, CA",2.517485074718856
15070,"Newburgh/Poughkeepsie, NY",2.516330876283201
15061,"Stevens Village, AK",2.5129913527177283
10926,"Cordova, AK",2.5114089316798682
11764,"East Farmingdale, NY",2.5077923970230875
15406,"Tyonek, AK",2.468298086075433
13513,"Fairbanks, AK",2.449592521303733
10408,"Appleton, WI",2.442109337226954
12720,"Levelock, AK",2.4361710669131025
12855,"Kwethluk, AK",2.4139003731683095
15049,"Savoonga, AK",2.390120513336958
13105,"Cincinnati, OH",2.3849116046183716
11126,"Culebra, PR",2.3748866459190605
14108,"Peoria, IL",2.374184144570227
14102,"Point Hope, AK",2.3699546811677643
15853,"South Naknek, AK",2.3685410202877724
10396,"Atqasuk, AK",2.3575625896159864
13987,"Waterbury, CT",2.352803198826014
14004,"Everett, WA",2.351634988926444
15041,"Sun Valley/Hailey/Ketchum, ID",2.3501641639746818
14256,"Petersburg, AK",2.345661195465016
15215,"Tinian, TT",2.342419982358873
15245,"Teller, AK",2.317267869855675
10775,"Barter Island, AK",2.3033959226551173
14816,"Shageluk, AK",2.3009103286048656
12866,"Karluk, AK",2.2999343363140508
12003,"Great Falls, MT",2.291537662751408
12737,"Manokotak, AK",2.2700047143707764
11535,"Elim, AK",2.2669884175413397
13476,"Monterey, CA",2.25712124043637
12784,"Perryville, AK",2.254763264712194
12728,"Klawock, AK",2.217834985152548
13806,"Kobuk, AK",2.214743090227221
14252,"Pasco/Kennewick/Richland, WA",2.2098884093007833
13341,"Kansas City, MO",2.169611581018134
12124,"Hilton Head, SC",2.1691687356001257
14919,"St. Paul, AK",2.1653734250513876
15725,"Beaver, AK",2.1557670249595473
14489,"Bend/Redmond, OR",2.144127082285364
12786,"Akutan, AK",2.142389637179609
10136,"Abilene, TX",2.13614132816028
13029,"Lincoln, NE",2.1327431049782337
14898,"Santa Monica, CA",2.0960335881454206
11762,"Friday Harbor, WA",2.066057692037499
11588,"Eastsound, WA",2.059916394921239
12206,"Harlingen/San Benito, TX",2.0502264402467083
11053,"Clarks Point, AK",2.046967132501874
10325,"Denver, CO",2.0442394812532925
15668,"Deer Lodge, MT",2.0333681926945877
11122,"Casper, WY",2.0322905916104457
13715,"Nondalton, AK",2.01340710925322
15532,"Monument Valley, UT",1.9912657237010862
12884,"Lansing, MI",1.984174704610145
12574,"Nashville, TN",1.9821538154006502
14468,"Brooks Lodge, AK",1.978978843408909
14259,"Portsmouth, NH",1.9722435892905728
11619,"Excursion Inlet, AK",1.955207901419431
15027,"Christiansted, VI",1.952459610006278
11845,"Gambell, AK",1.9464292453041518
14987,"Stony River, AK",1.931495166581887
13863,"Old Harbor, AK",1.929398247658095
14028,"Pack Creek, AK",1.903428605090964
11721,"Flint, MI",1.89980933295443
14574,"Roanoke, VA",1.8783950416354358
12141,"Healy, AK",1.862881204240926
10241,"Akiak, AK",1.8525903531577739
11411,"Deering, AK",1.8228673753225713
12951,"Lafayette, LA",1.8093208656475912
13277,"Montgomery, AL",1.8045680745992883
10666,"Bellingham, WA",1.7913456053655294
11431,"Decatur Island, WA",1.7910622121513349
12868,"Koyukuk, AK",1.7841601024094769
11869,"Grand Canyon, AZ",1.748556764013897
14493,"Red Devil, AK",1.7423225485964509
11140,"Corpus Christi, TX",1.7411393151827121
15323,"Bristol/Johnson City/Kingsport, TN",1.7407403540894788
14046,"Pedro Bay, AK",1.7334290609100604
15171,"Tatitlek, AK",1.7229784672914217
12847,"Waterfall, AK",1.7204132975054207
15754,"Hyder, AK",1.7204132975054207
11977,"Green Bay, WI",1.7102488453725389
14125,"Point Lay, AK",1.7016706769877379
16101,"Yakima, WA",1.692605892415526
15231,"Tenakee, AK",1.6871682501678544
10676,"Belleville, IL",1.6843224705788615
10613,"Block Island, RI",1.6820294698748877
10874,"Akron, OH",1.6657125876291168
15709,"Wales, AK",1.640261270581497
13398,"Morristown, NJ",1.632027265678386
10685,"Bloomington/Normal, IL",1.6315944018048911
14306,"Provincetown, MA",1.6313187281561965
10016,"Hallo Bay, AK",1.6293897154083474
12641,"Chignik, AK",1.6201243910786842
16832,"New York, NY",1.6151879734160774
12635,"Chignik Bay, AK",1.6101947391335116
14967,"San Carlos, CA",1.6046397640052352
15448,"Ugashik, AK",1.6034073723547413
11982,"Killeen, TX",1.5940492678328342
12324,"Wilmington, OH",1.5911320490049419
11859,"Galbraith Lake, AK",1.58484260194781
14718,"Scammon Bay, AK",1.5728310443906492
12932,"Lebanon-Hanover, NH",1.5610963912890068
13547,"Mineral Wells, TX",1.5542213230270037
12094,"Hayden, CO",1.5462181084619686
14794,"St. George, UT",1.5407820539748565
10535,"Bridgeport, CT",1.5369167305472538
15554,"Chevak, AK",1.5217336363653842
15085,"Sheldon Point, AK",1.5187349493805482
11413,"Durango, CO",1.4996047906939887
14320,"Chicago, IL",1.4993849081205306
10927,"Caldwell, NJ",1.4935695809496696
14275,"Pontiac, MI",1.4934896841610832
11252,"Daytona Beach, FL",1.4798257203453775
13629,"Chenega, AK",1.4747397625683176
13422,"Mobile, AL",1.47064576277417
11028,"Crooked Creek, AK",1.4695806915417973
15626,"Vieques, PR",1.4668650769411642
14130,"Napaskiak, AK",1.4548714637641718
16815,"Southampton, NY",1.452873205603622
13714,"Naknek, AK",1.4500005999420886
15841,"Wrangell, AK",1.4475955392178141
11545,"Elfin Cove, AK",1.4417912027123827
11463,"Eagle, AK",1.435066350321653
10781,"Baton Rouge, LA",1.4346175251989126
12315,"Nikolski, AK",1.429151681928374
15012,"St. George Island, AK",1.4258236932802966
12857,"Kasaan, AK",1.4182810785364972
14054,"Pendleton, OR",1.4107310912417057
14268,"Port Alsworth, AK",1.3992225211923772
14863,"Skwentna, AK",1.3915946054832045
13725,"Novato, CA",1.3881435249283909
10011,"Peach Springs, AZ",1.377219209228389
12638,"Chignik Lagoon, AK",1.3730713806886004
12195,"Hooper Bay, AK",1.3668859066552541
10990,"Charlottesville, VA",1.3646216102864344
10732,"Aguadilla, PR",1.3548638811529297
11146,"Charleston/Dunbar, WV",1.3527664259189254
13367,"Moline, IL",1.3398124491521595
15793,"Meyers Chuck, AK",1.339521382325643
12598,"Arlington, TX",1.3373601189818825
14698,"San Luis Obispo, CA",1.3296498168893407
13360,"Melbourne, FL",1.3188379587349417
14288,"Pueblo, CO",1.3083454128179888
14633,"Rochester, MN",1.3068317798050566
12882,"Lakeland, FL",1.3051328665994038
12370,"Circle, AK",1.303295756132827
16668,"Deadhorse1, AK",1.2888630417030122
15385,"Twin Hills, AK",1.2804823281363205
11367,"Dora Bay, AK",1.278859128165128
13502,"Montrose/Delta, CO",1.278364113101304
10434,"Scranton/Wilkes-Barre, PA",1.2579451946692497
11453,"Houston, TX",1.2474768719709945
13295,"Sacramento, CA",1.2452732408156792
10857,"Camarillo, CA",1.2407877915894243
16340,"Chomondely Sound, AK",1.238320357320932
10697,"Baranof, AK",1.236388788303279
15472,"Umiat, AK",1.2355295478000579
13433,"Minot, ND",1.2299410353188658
12055,"Gary, IN",1.2263771851928824
13381,"Manley Hot Springs, AK",1.2255804263432237
11612,"Evansville, IN",1.2086294261446777
11098,"Coeur d'Alene, ID",1.16387948824839
11150,"Columbus, GA",1.1591943774174451
11067,"Champaign/Urbana, IL",1.1358385674834697
11280,"Dahl Creek, AK",1.1343638467578854
12898,"Latrobe, PA",1.133814122319209
14282,"Platinum, AK",1.128877139824684
15855,"Westerly, RI",1.1202619429698992
11027,"Clarksburg/Fairmont, WV",1.1180480479749375
10155,"Waco, TX",1.1102676534007925
13704,"Nelson Lagoon, AK",1.1062085359629845
10561,"Bakersfield, CA",1.1047924295807603
11399,"Whitmore, AZ",1.0909078025749677
10558,"Scottsbluff, NE",1.0847717540770794
11001,"Avalon, CA",1.0786495499755318
13771,"Mountain View, CA",1.0718487974137443
10165,"Adak Island, AK",1.068345709722115
13184,"Saginaw/Bay City/Midland, MI",1.0680839952972816
14539,"Rockland, ME",1.0667601375479578
10006,"Kizhuyak, AK",1.0658168728690482
13888,"Onion Bay, AK",1.0658168728690482
10042,"Kiluda Bay, AK",1.0658168728690482
12509,"Cooper Lodge, AK",1.0658168728690482
11695,"Flagstaff, AZ",1.0624525628617099
13676,"Nikolai, AK",1.0606830484683603
14533,"Riverside, CA",1.0543137447972266
12402,"Hilo, HI",1.0438066902721632
13579,"Mekoryuk, AK",1.0422180565882617
13203,"Macon, GA",1.0388168726713445
12544,"Concord, NC",1.0179512689662795
10157,"Arcata/Eureka, CA",1.0131952659602763
11041,"Carlsbad, CA",1.0110424964865694
11245,"Chisana, AK",1.0105933015185016
15250,"Tatalina, AK",1.0054929104861936
11097,"Cody, WY",1.0047052962204461
14905,"Santa Maria, CA",1.0009095700916015
10511,"Bryce Canyon, UT",0.995709392462788
14559,"Rampart, AK",0.9906383023928852
14270,"Port Alexander, AK",0.9864334993178436
12223,"Ashland, WV",0.9863789291255416
14842,"San Angelo, TX",0.9853469957991989
13034,"Lanai, HI",0.9805017748405146
11559,"Nenana, AK",0.9796765167440116
14237,"Prescott, AZ",0.9790243628884374
15599,"Kavik River, AK",0.9763384960490494
12553,"Ceiba, PR",0.9760154993469662
14819,"San Juan, PR",0.9760154993469662
11953,"Gainesville, FL",0.9704121853763352
15794,"White Mountain, AK",0.9694646494226501
14875,"Saranac Lake/Lake Placid, NY",0.9672946378420268
13076,"La Crosse, WI",0.9642710884552166
11123,"St. Louis, MO",0.9617444797204757
15579,"Valdez, AK",0.9617319473202921
10237,"Atka, AK",0.9528188083604127
15043,"St. Louis, MO",0.9496839122786639
10519,"Boca Raton, FL",0.9476201524067154
16428,"Marble Canyon, AZ",0.9441134293168406
15389,"Twin Falls, ID",0.9355447835702838
13388,"Mammoth Lakes, CA",0.932718010557087
14711,"State College, PA",0.9151228094476807
13028,"Lonely, AK",0.9141848909804522
16218,"Yuma, AZ",0.9019872745533755
10327,"Napa, CA",0.8962892352517623
13574,"May Creek, AK",0.8940389888461552
13564,"McCarthy, AK",0.8940389888461552
13016,"Lake Minchumina, AK",0.8888541506248725
16339,"Illinois Creek, AK",0.8888541506248725
16445,"Driggs, ID",0.8743419587902104
15504,"Utopia, AK",0.8724343858944217
11503,"Eagle, CO",0.8672687835353768
15731,"Chandalar, AK",0.8631809899530365
11421,"Destin, FL",0.8629517576312261
12252,"Hydaburg, AK",0.8602831793649552
14314,"Provo, UT",0.8587090001792475
10469,"Kalamazoo, MI",0.8482613885490106
13347,"Hoolehua, HI",0.844939638482959
10938,"Central, AK",0.8425989573880646
16353,"North Kingstown, RI",0.836231424731768
14167,"Port Moller, AK",0.8353416618513185
11980,"Grand Island, NE",0.8334990752943626
10589,"Bar Harbor, ME",0.8325886036659178
11203,"Mosinee, WI",0.8147157835176311
13540,"Burlington/Mount Vernon, WA",0.8006666486551663
14716,"Stockton, CA",0.7904433133499497
14674,"Santa Fe, NM",0.787707966452015
10329,"Naples, FL",0.787359600774231
11813,"Donlin Creek Mine, AK",0.7869283562496054
11641,"Fayetteville, NC",0.7665043364502507
14113,"Pocatello, ID",0.7624932405048332
11049,"College Station/Bryan, TX",0.7570855138247019
14025,"Plattsburgh, NY",0.7541041411496623
10641,"Baker, OR",0.7539285913956907
11415,"Del Rio, TX",0.7512553042909536
16869,"Williston, ND",0.746990371989214
10198,"Pittsburgh, PA",0.7391781565950365
12916,"Laconia, NH",0.7371052675209098
11577,"Erie, PA",0.7308627329340207
12956,"La Grande, OR",0.7212131087437208
12545,"New York, NY",0.7152860338576537
12156,"Helena, MT",0.7152373675276282
13117,"Livermore, CA",0.7102108182979517
15160,"Takotna, AK",0.7043482478787643
10779,"Butte, MT",0.7029271548923192
12190,"Hot Springs, AR",0.695514166912412
13415,"Minto, AK",0.6944046059260909
15090,"Shemya, AK",0.6901821284376537
16311,"Nyac, AK",0.6887938101999886
12663,"False Pass, AK",0.6792491338815635
10146,"Albany, GA",0.6780990996342964
13731,"Newport, RI",0.6712795672965862
10647,"Cleveland, OH",0.668014294003292
14098,"Newport News/Williamsburg, VA",0.6675341802980941
14704,"Salisbury, MD",0.6652688048618872
10996,"Chuathbaluk, AK",0.6632261111668454
12899,"North Platte, NE",0.6630837266021304
14530,"Rifle, CO",0.6630089912395613
11337,"Duluth, MN",0.660654185099279
15383,"Lake Tahoe, CA",0.6575420496371863
11493,"Keene, NH",0.6512176879008632
12397,"Ithaca/Cortland, NY",0.6510534068618027
11335,"Del Rio, TX",0.6363039167970889
10009,"Homer, AK",0.6332247447689926
14131,"Parkersburg, WV",0.6317646016963764
11773,"Fryeburg, ME",0.6304607903434087
10268,"Waterloo, IA",0.6292532008264052
10811,"Bartlesville, OK",0.6208819263233617
11938,"Gaylord, MI",0.6155925356713312
12119,"Hagerstown, MD",0.6142648378541143
11111,"Columbia, MO",0.6098424238190991
14588,"Roswell, NM",0.6094157753496104
15342,"Taos, NM",0.6073871915340961
15051,"Silver City/Hurley, NM",0.6054111168144812
14551,"Bornite/Ruby Creek, AK",0.5926204541580783
16894,"Healy, AK",0.5926204541580783
14952,"Springfield, IL",0.5919394081231719
15427,"Chatham, MA",0.5873757481586781
14397,"Kennesaw, GA",0.5784899682737739
14150,"Pellston, MI",0.5762932969975946
11537,"Elmira/Corning, NY",0.5758504292344874
13121,"Lewisburg, WV",0.5740284104058564
11241,"Cape Romanzof, AK",0.5705153157030117
10409,"Watertown, SD",0.5698022808776636
14520,"Rhinelander, WI",0.5673540704036825
10065,"Silver Salmon Creek, AK",0.5637259037637888
10085,"Chinitna Bay, AK",0.5637259037637888
15069,"Seward, AK",0.5637259037637888
15228,"Talkeetna, AK",0.5637259037637888
11867,"Garden City, KS",0.562481340737444
11899,"Glens Falls, NY",0.5550981227021171
11468,"Kearney, NE",0.5425106701609935
13781,"Kingston, NY",0.5391098227306904
15681,"Afognak Straits, AK",0.532984967046769
10089,"Red Fox Bay, AK",0.532984967046769
11513,"Eagle Harbor, AK",0.532984967046769
11615,"New Bedford/Fall River, MA",0.5235549843368609
11778,"Fort Smith, AR",0.5230690972220601
14236,"Paso Robles, CA",0.5210852897393232
15346,"New York, NY",0.5163014900929723
14092,"Greenville, NC",0.51618855104532
12841,"King Cove, AK",0.5143487610333206
14295,"Poulsbo, WA",0.5137866489203373
11961,"New London/Groton, CT",0.5125622900626893
12891,"Lawton/Fort Sill, OK",0.5116482564792627
13964,"North Bend/Coos Bay, OR",0.507028325523916
10654,"Beckley, WV",0.5057585644144486
11036,"Chicken, AK",0.5053731813714957
13377,"Monroe, LA",0.5040581404389016
14120,"Pierre, SD",0.5029773372872853
14487,"Redding, CA",0.5011620023283722
10975,"College Park, MD",0.4919187934531883
16654,"Shaw Island, WA",0.4892826752571286
11076,"Hancock/Houghton, MI",0.4859200832803282
12265,"Niagara Falls, NY",0.4844689101381954
14672,"Sacramento, CA",0.48232604896654996
11376,"Chicago, IL",0.48201864914702447
10918,"Cedar City, UT",0.48062980326838545
12365,"Williamsport, PA",0.47994349776368717
12320,"Wilmington, DE",0.47382350062904793
13795,"Jacksonville/Camp Lejeune, NC",0.47243468716214343
12007,"Columbus, MS",0.4707238478878109
11898,"Grand Forks, ND",0.46962960188010744
12915,"Lake Charles, LA",0.4684567681582562
11905,"Longview, TX",0.4683851826737429
10631,"Bemidji, MN",0.46477076723979854
14769,"Sanford, ME",0.46424490882216957
14276,"Port Armstrong, AK",0.4579335549026224
11092,"Moab, UT",0.45428022385987665
13111,"Cape Lisburne, AK",0.454104294550772
16830,"Port Washington, NY",0.44034751773082714
10728,"Beaumont/Port Arthur, TX",0.436962270112533
13554,"Maxton, NC",0.42979091002510966
16934,"Asheboro, NC",0.42979091002510966
14960,"Wichita Falls, TX",0.41945875742777916
10033,"Alpine, AK",0.4192781419703301
12244,"New Haven, CT",0.4191101438157761
11165,"Coatesville, PA",0.41744752365662624
11517,"Fairbanks, AK",0.4173253372713372
16745,"Houston, TX",0.41432659840000885
11315,"Dickinson, ND",0.4096390712268684
11675,"Fishers Island, NY",0.4063826555050812
14897,"Salmon, ID",0.403812344136046
13453,"Indianapolis, IN",0.40253958273749174
13671,"Patuxent River, MD",0.39546567718776676
13983,"Owensboro, KY",0.39514962522379626
14853,"San Antonio, TX",0.39172452575997
15259,"Tifton, GA",0.3896701266120135
15381,"Thief River Falls, MN",0.3874821550992006
12337,"Indianapolis, IN",0.38655194450582014
15411,"Tyler, TX",0.3858323863748085
12492,"Kapalua, HI",0.38571185741672975
12511,"Joplin, MO",0.3846134789414341
13933,"Worcester, MA",0.3822079470282095
11274,"Dubuque, IA",0.38005621330400907
13139,"Lynchburg, VA",0.37879366382815427
11587,"Escanaba, MI",0.3783324383476111
13459,"Marquette, MI",0.37691892392329956
13958,"Columbus, OH",0.37586847034074367
11471,"Eau Claire, WI",0.3721116764393223
15454,"Quincy, IL",0.3714077388738446
13151,"Lawrenceville, GA",0.36992906742874954
13032,"Lancaster, PA",0.36937858952561997
10670,"Belmar/Farmingdale, NJ",0.3691591170677095
11512,"Cape Newenham, AK",0.368799640393483
15054,"Statesville, NC",0.36802954339173005
11617,"New Bern/Morehead/Beaufort, NC",0.3679646113889718
13984,"Norwood, MA",0.367065174504363
14488,"Reading, PA",0.367065174504363
15211,"Oklahoma City, OK",0.365548823335634
15779,"Philadelphia, PA",0.36539756556833813
12587,"Portland, TN",0.35605407078427764
14543,"Rock Springs, WY",0.35512662101025183
14648,"Rutland, VT",0.35110824116626854
16915,"Clinton, MO",0.3499233124745797
15401,"Texarkana, AR",0.3459879044016817
10819,"Bowling Green, KY",0.3451277784502694
13424,"Modesto, CA",0.34475283137118135
12944,"Lewiston/Auburn, ME",0.344157038470756
11456,"Danbury, CT",0.3422479160952618
14467,"Roseburg, OR",0.3420695207241041
11714,"Fort Myers, FL",0.3417697431417802
14812,"Sheridan, WY",0.33935088809530434
13587,"Marana, AZ",0.3376927685950331
13024,"Klamath Falls, OR",0.3362385520740089
15398,"Horseshoe Bay, TX",0.33320460901923277
15548,"Leesburg, VA",0.33249852883448044
15220,"Tacoma, WA",0.3316596405426958
11862,"Great Barrington, MA",0.32922188444852113
12207,"Harrison, AR",0.32711477168911446
11531,"El Dorado, AR",0.32711477168911446
11327,"Delta Junction, AK",0.32388895082650027
15325,"Thermal, CA",0.3188506084211657
13543,"Marion/Herrin, IL",0.31784733594684866
14182,"Philadelphia, PA",0.31758036231939857
11865,"Gillette, WY",0.31588572005056736
10780,"Butler, PA",0.313738818318047
11711,"Farmington, NM",0.3123142479489455
13439,"Miami, FL",0.30998655911741874
11086,"Chino, CA",0.3097810946632955
10562,"Mobile, AL",0.3077327563044461
14318,"Oklahoma City, OK",0.3072807737407702
14231,"Presque Isle/Houlton, ME",0.3051141769546096
10543,"Benton Harbor/St. Joseph, MI",0.30403243656248413
13501,"Marathon, FL",0.30197916870740643
11470,"Wenatchee, WA",0.29851235314277186
13484,"Muscle Shoals, AL",0.29737598601333587
12888,"Laramie, WY",0.2970799064010634
15897,"West Yellowstone, MT",0.29683017674698164
10933,"Chicopee Falls, MA",0.29677420256105286
16720,"Fairbanks1, AK",0.29638675769128403
10040,"Pogo Mines, AK",0.29638675769128403
10031,"Kantishna, AK",0.29638675769128403
12396,"Wisconsin Rapids, WI",0.2954301104693563
13418,"Manassas, VA",0.29523344705620913
13546,"Moses Lake, WA",0.29014099666381976
15048,"Sioux City, IA",0.2899370263977228
11058,"Columbus, IN",0.2891501076255714
13127,"Lewiston, ID",0.28901396821851494
13490,"Massena, NY",0.28859402287332486
13829,"Ogden, UT",0.2873065464668842
10141,"Aberdeen, SD",0.2867399077104708
14877,"Salina, KS",0.2866370771735724
10361,"Watertown, NY",0.285793725257999
11288,"Decatur, IL",0.2852493813505035
13194,"Merced, CA",0.2849080434553949
11447,"Devils Lake, ND",0.28305760977871736
12335,"Iron Mountain/Kingsfd, MI",0.2817702132050416
11429,"Shreveport, LA",0.27709354949451487
14255,"Pittsfield, MA",0.27599651365330885
15707,"Stehekin, WA",0.27569732727101215
11013,"Sault Ste. Marie, MI",0.27501664369026363
11303,"Douglas, WY",0.27467558116379076
10930,"Crescent City, CA",0.2741537812092936
12247,"Hayward, CA",0.27313159847656415
10039,"Ivotuk, AK",0.27071359701944786
12519,"Jamestown, ND",0.2696345519932931
12149,"Hickory, NC",0.2669972612130434
11510,"Eagle River, WI",0.2638398330401739
15177,"Telluride, CO",0.2624691685582235
15570,"Victorville, CA",0.2589883785595447
13338,"Toms River, NJ",0.2586424061072893
11790,"Atlanta, GA",0.25573974654316045
15700,"Katmai Lodge, AK",0.2524647998256168
11825,"Farewell, AK",0.2524647998256168
13292,"Minchumina, AK",0.2524647998256168
13058,"Pickens, SC",0.2501859692466305
14212,"Poughkeepsie, NY",0.24621470893732003
13109,"Kalaupapa, HI",0.24596184898048476
13674,"Brunswick, ME",0.24489471315094394
11375,"Dover, DE",0.24306352692518005
15458,"Ukiah, CA",0.24196656431201785
12165,"Homeshore, AK",0.2413790581412731
12716,"Ekuk, AK",0.23682863653480055
15881,"Wasilla, AK",0.23682863653480055
16680,"Canandaigua, NY",0.23465633408727848
14553,"Rome, NY",0.2334452547370893
16935,"Willoughby, OH",0.23210075570534283
14465,"Dallas/Fort Worth, TX",0.22993873007896778
15374,"Tupelo, MS",0.22304843725735093
15153,"Tuscaloosa, AL",0.2230037261203241
10171,"Dallas, TX",0.2192114288134992
15534,"Lorain/Elyria, OH",0.21753828284591625
11050,"Port Angeles, WA",0.21719718970045138
14871,"Salem, OR",0.21624291001563295
16929,"Deer Park, AK",0.21435770007165267
15138,"Fort Leonard Wood, MO",0.21369370021432774
11931,"Greenville, MS",0.21282984079871517
13192,"Sacramento, CA",0.2106872899642599
12902,"Liberal, KS",0.2097236853298908
10910,"Concord, CA",0.2091792343526475
15628,"Vero Beach, FL",0.20743412428562336
11085,"Carlsbad, NM",0.2065011367116384
14222,"Pago Pago, TT",0.20566868232215732
14572,"Renton, WA",0.20433076104363102
14792,"Sugar Land, TX",0.20432666849056022
13890,"Newport, OR",0.20340006538521013
12132,"Lake Havasu City, AZ",0.20312780873518663
13785,"Yuma, AZ",0.20312780873518663
14965,"Santa Ynez, CA",0.20292396716210795
15525,"Petaluma, CA",0.20292396716210795
15074,"Stillwater, OK",0.20261124434007938
10577,"Binghamton, NY",0.20249561982810083
11725,"Fort Dodge, IA",0.20150820397454924
15842,"Fort Dix, NJ",0.20124426510825846
10950,"Cortez, CO",0.20112697871655522
11789,"Dallas/Fort Worth, TX",0.20101263427426083
15498,"Heber, UT",0.1991376049891712
14044,"Princeton, NJ",0.1991376049891712
10010,"Hudson, NY",0.1991376049891712
10643,"Branson, MO",0.1991261486979238
12012,"Gunnison, CO",0.19805543687687696
10347,"New Iberia, LA",0.1977999681075209
12363,"El Centro, CA",0.1975814651072813
13832,"Ogdensburg, NY",0.19685067571774298
13290,"Manhattan/Ft. Riley, KS",0.19653086350054258
15607,"Valdosta, GA",0.19599216533959515
12348,"Winston-Salem, NC",0.19510248626440524
13348,"Jackson, TN",0.19490433644797375
13200,"McCook, NE",0.19331752682051662
12559,"Johnstown, PA",0.19298182461173405
14802,"Staunton, VA",0.19298182461173405
10333,"Alpena, MI",0.1907299146291333
11699,"Florence, SC",0.19064143154210048
10744,"Burlington, IA",0.1901006706322455
11198,"Corvallis, OR",0.18927377364283873
12412,"Ironwood, MI",0.1886038656100002
11441,"DuBois, PA",0.18807152128402094
10557,"Bradford, PA",0.18807152128402094
13282,"Morgantown, WV",0.18807152128402094
16925,"Malone, NY",0.18575810626276396
16764,"Fort Meade, MD",0.18575810626276396
16663,"Jeffersonville, IN",0.18575810626276396
14996,"Brunswick, GA",0.18575810626276396
14736,"San Diego, CA",0.18575810626276396
16923,"Mertarvik, AK",0.18447635080898642
10322,"Altoona, PA",0.1838603240664891
15278,"Tin City, AK",0.1834407228660544
10504,"Blue Bell, PA",0.1814601294660889
10923,"Candle, AK",0.1810630779531929
13301,"Holland, MI",0.18053177196771364
12388,"Orlando, FL",0.17158466011286036
11308,"Dothan, AL",0.17045517941075936
13211,"Mason City, IA",0.16973510834367259
10630,"Broomfield, CO",0.16725180016028832
16582,"Thomson, GA",0.1670190764428104
11719,"Fort Collins/Loveland, CO",0.16681279660253
16728,"Franklin, NC",0.16322740936299635
10965,"Cleveland, OH",0.16307364306065358
14922,"Salinas/Monterey, CA",0.15950183482282776
14810,"Shelton, WA",0.15950183482282776
10191,"Afton, WY",0.15950183482282776
10465,"Glendale, AZ",0.15950183482282776
11592,"Easton, MD",0.15950183482282776
12436,"Inyokern, CA",0.152884783125686
11908,"Glasgow, MT",0.15054315102943164
16133,"Youngstown/Warren, OH",0.1504323210649576
12571,"Beloit/Janesville, WI",0.1504323210649576
14417,"Westminster, MD",0.14791481620692207
16540,"Belfast, ME",0.14791481620692207
13493,"Monticello, NY",0.14791481620692207
13008,"Lake Placid, NY",0.14791481620692207
10427,"Aurora, IL",0.14791481620692207
13469,"Marco Island, FL",0.14568902415954732
15640,"Vancouver, WA",0.13988235129328974
13667,"Norfolk, VA",0.13313542037770365
13968,"Anacortes, WA",0.13299154791328857
14656,"Rocky Mount, NC",0.13197531728112444
15260,"Miami, FL",0.13197531728112444
12018,"Gallup, NM",0.12188719649385922
15649,"Hanford, CA",0.11742961532493665
11430,"Denton, TX",0.11560460688220027
11233,"Cheyenne, WY",0.11160074924092037
13630,"North Kingstown, RI",0.10976435383140944
14303,"Pullman, WA",0.10867512546247059
10275,"Walla Walla, WA",0.10867512546247059
13520,"Kamuela, HI",0.10804860549010038
12174,"Hana, HI",0.10804860549010038
13949,"Oshkosh, WI",0.10598213221030844
16526,"Marshfield, MA",0.1032169009685496
10617,"Bishop, CA",0.1032151561069398
10615,"El Paso, TX",0.10286648794373617
14695,"Sheboygan, WI",0.10286648794373617
16936,"Ennis, MT",0.10262393598914259
11659,"Findlay, OH",0.10230541561066296
15045,"Fairfield, CA",0.10230541561066296
14670,"Saratoga, WY",0.10222391942548421
15601,"Visalia, CA",0.10213702439851151
14943,"Show Low, AZ",0.10164043497983821
11348,"Deming, NM",0.10164043497983821
16468,"Philadelphia, MS",0.10115139800630552
10380,"Talladega, AL",0.10045676412218278
10300,"Anderson, SC",0.10010543775847601
10731,"Brunswick, GA",0.10010543775847601
15020,"Minneapolis/St. Paul, MN",0.0996579835987708
11387,"Springfield, TN",0.0996579835987708
10925,"Chadron, NE",0.0996396049612068
10221,"Alliance, NE",0.0996396049612068
14534,"Riverton/Lander, WY",0.0996396049612068
11197,"Clovis, NM",0.0996396049612068
15582,"Vernal, UT",0.0996396049612068
10272,"Alamosa, CO",0.0996396049612068
12255,"Hays, KS",0.0996396049612068
11283,"Dodge City, KS",0.0996396049612068
14254,"Ponce, PR",0.099350013278205
10817,"Brownwood, TX",0.09926971721661203
11525,"Elko, NV",0.09917674053821364
10414,"Augusta/Waterville, ME",0.09912926286676257
12934,"Leesburg, FL",0.09887276470005468
12177,"Hobbs, NM",0.09856889314015997
15569,"Victoria, TX",0.09856889314015997
14109,"Hattiesburg/Laurel, MS",0.09856889314015997
13241,"Meridian, MS",0.09856889314015997
11883,"Georgetown, DE",0.09831995369654087
15634,"Springfield, VT",0.097067099536389
12128,"Hiawatha, KS",0.0964212272110979
13251,"Minden, NV",0.0964212272110979
15030,"Stuart, FL",0.09634354048456087
13450,"Montpelier/Barre, VT",0.09633961289630762
12263,"Wichita, KS",0.0961506169862812
16363,"Fernandina Beach, FL",0.09607691106322613
12312,"Wilkesboro, NC",0.09607691106322613
12661,"Key Largo, FL",0.09603978880560894
11824,"Fort Worth, TX",0.09577253219059814
13788,"Jacksonville, FL",0.0953596153684815
14006,"Paducah, KY",0.09530177194274779
10967,"Cape Girardeau, MO",0.09530177194274779
13182,"Manistee/Ludington, MI",0.09530177194274779
13344,"Muskegon, MI",0.09530177194274779
12054,"Goodyear, AZ",0.09505763922549242
12455,"Jonesboro, AR",0.09495195991398753
12375,"Kirksville, MO",0.09495195991398753
13176,"Mayaguez, PR",0.0939307528359228
12129,"Hibbing, MN",0.09345515489174219
12254,"Hayward, WI",0.09345515489174219
12343,"International Falls, MN",0.09345515489174219
10739,"Brainerd, MN",0.09345515489174219
15008,"St. Cloud, MN",0.09045873020612344
11686,"Zephyrhills, FL",0.09036556426265094
13976,"Norman, OK",0.08911707681286943
11219,"Conroe, TX",0.08911707681286943
16336,"Gasquet, CA",0.08900720689170653
14470,"Fort Jefferson, FL",0.08897591495114326
13246,"Manteo, NC",0.0889296796639046
11582,"Kerrville, TX",0.07757345467673896
12245,"Havre, MT",0.07472328243936614
14745,"Sidney, MT",0.07472328243936614
11879,"Glendive, MT",0.07472328243936614
13862,"Wolf Point, MT",0.07472328243936614
14712,"Phoenix, AZ",0.07286182385270008
12134,"Honolulu, HI",0.025082244925985733
